<?xml version="1.0" encoding="UTF-8"?>
<project-private xmlns="http://www.netbeans.org/ns/project-private/1">
    <editor-bookmarks xmlns="http://www.netbeans.org/ns/editor-bookmarks/2" lastBookmarkId="0"/>
    <open-files xmlns="http://www.netbeans.org/ns/projectui-open-files/2">
        <group>
            <file>file:/C:/Users/abishek/Documents/NetBeansProjects/practise/src/bunny.java</file>
            <file>file:/C:/Users/abishek/Documents/NetBeansProjects/practise/src/brute.java</file>
            <file>file:/C:/Users/abishek/Documents/NetBeansProjects/practise/Bruteforce.sql</file>
            <file>file:/C:/Users/abishek/Documents/NetBeansProjects/practise/src/dog.java</file>
            <file>file:/C:/Users/abishek/Documents/NetBeansProjects/practise/src/method.java</file>
            <file>file:/C:/Users/abishek/Documents/NetBeansProjects/practise/src/NewClass11.java</file>
        </group>
    </open-files>
</project-private>
